{"cameraMode":{"drawMode":0,"name":"Shaded","section":"Shading Mode"},"sceneLighting":true,"audioPlay":false,"sceneViewState":{"showFog":false,"showMaterialUpdate":false,"showSkybox":false,"showFlares":false,"showImageEffects":false,"showParticleSystems":true},"in2DMode":false,"pivot":{"x":120.24168395996094,"y":-266.94903564453127,"z":448.9919128417969},"rotation":{"x":0.37038224935531618,"y":0.12016095966100693,"z":-0.04838620871305466,"w":0.9198027849197388},"size":800.249267578125,"orthographic":false}